{
  "Q-000215": {
    "id": "Q-000215",
    "subject": "Physics",
    "difficulty": "5",
    "question": "Is a Hilbert space an inner product space that is also a complete metric space?",
    "answer": "Yes",
    "split": "dev",
    "form": "V2_letters",
    "labels": [
      "A",
      "B",
      "C",
      "D",
      "E"
    ],
    "pred_label": "A",
    "canonical_label": "YY",
    "logits": {
      "A": 24.375,
      "B": 17.5,
      "C": 16.625,
      "D": 16.5,
      "E": 17.0
    },
    "canonical_logits": {
      "YY": 24.375,
      "Y": 17.5,
      "A": 16.625,
      "N": 16.5,
      "NN": 17.0
    },
    "probs": {
      "A": 0.99609375,
      "B": 0.00102996826171875,
      "C": 0.0004291534423828125,
      "D": 0.0003795623779296875,
      "E": 0.0006256103515625
    },
    "canonical_probs": {
      "YY": 0.99609375,
      "Y": 0.00102996826171875,
      "A": 0.0004291534423828125,
      "N": 0.0003795623779296875,
      "NN": 0.0006256103515625
    },
    "probs_norm": {
      "A": 0.997532147032082,
      "B": 0.0010314555748263717,
      "C": 0.00042977315617765484,
      "D": 0.0003801104803526814,
      "E": 0.0006265137565612035
    },
    "canonical_probs_norm": {
      "YY": 0.997532147032082,
      "Y": 0.0010314555748263717,
      "A": 0.00042977315617765484,
      "N": 0.0003801104803526814,
      "NN": 0.0006265137565612035
    },
    "is_valid": true,
    "score": 2,
    "processing_time": 8.380814790725708
  },
  "Q-000217": {
    "id": "Q-000217",
    "subject": "Physics",
    "difficulty": "5",
    "question": "Is the Ricci tensor a measure of a manifold's volume change?",
    "answer": "Yes",
    "split": "dev",
    "form": "V2_letters",
    "labels": [
      "A",
      "B",
      "C",
      "D",
      "E"
    ],
    "pred_label": "A",
    "canonical_label": "YY",
    "logits": {
      "A": 24.125,
      "B": 17.875,
      "C": 17.375,
      "D": 16.625,
      "E": 15.25
    },
    "canonical_logits": {
      "YY": 24.125,
      "Y": 17.875,
      "A": 17.375,
      "N": 16.625,
      "NN": 15.25
    },
    "probs": {
      "A": 0.99609375,
      "B": 0.001922607421875,
      "C": 0.00116729736328125,
      "D": 0.00054931640625,
      "E": 0.0001392364501953125
    },
    "canonical_probs": {
      "YY": 0.99609375,
      "Y": 0.001922607421875,
      "A": 0.00116729736328125,
      "N": 0.00054931640625,
      "NN": 0.0001392364501953125
    },
    "probs_norm": {
      "A": 0.9962210594386719,
      "B": 0.0019228531478136129,
      "C": 0.0011674465540296936,
      "D": 0.0005493866136610323,
      "E": 0.00013925424582380332
    },
    "canonical_probs_norm": {
      "YY": 0.9962210594386719,
      "Y": 0.0019228531478136129,
      "A": 0.0011674465540296936,
      "N": 0.0005493866136610323,
      "NN": 0.00013925424582380332
    },
    "is_valid": true,
    "score": 2,
    "processing_time": 9.666412591934204
  },
  "Q-000221": {
    "id": "Q-000221",
    "subject": "Physics",
    "difficulty": "5",
    "question": "Is M-theory the final, unified theory of all string theories?",
    "answer": "Unanswerable",
    "split": "dev",
    "form": "V2_letters",
    "labels": [
      "A",
      "B",
      "C",
      "D",
      "E"
    ],
    "pred_label": "C",
    "canonical_label": "A",
    "logits": {
      "A": 16.875,
      "B": 16.75,
      "C": 26.25,
      "D": 18.375,
      "E": 17.375
    },
    "canonical_logits": {
      "YY": 16.875,
      "Y": 16.75,
      "A": 26.25,
      "N": 18.375,
      "NN": 17.375
    },
    "probs": {
      "A": 8.487701416015625e-05,
      "B": 7.486343383789062e-05,
      "C": 1.0,
      "D": 0.0003795623779296875,
      "E": 0.00014019012451171875
    },
    "canonical_probs": {
      "YY": 8.487701416015625e-05,
      "Y": 7.486343383789062e-05,
      "A": 1.0,
      "N": 0.0003795623779296875,
      "NN": 0.00014019012451171875
    },
    "probs_norm": {
      "A": 8.481937998939282e-05,
      "B": 7.481259920412737e-05,
      "C": 0.9993209684467141,
      "D": 0.000379304643098633,
      "E": 0.0001400949309937162
    },
    "canonical_probs_norm": {
      "YY": 8.481937998939282e-05,
      "Y": 7.481259920412737e-05,
      "A": 0.9993209684467141,
      "N": 0.000379304643098633,
      "NN": 0.0001400949309937162
    },
    "is_valid": true,
    "score": 2,
    "processing_time": 9.22081446647644
  }
}